place_id,loc_lat,loc_lon,point_number
1,55.747022,37.787073,0
1,55.751713,37.784328,1
1,55.753878,37.777638,2
1,55.751031,37.779351,3
2,55.803885,37.458311,0
2,55.808677,37.464054,1
2,55.809763,37.461314,2
2,55.810840,37.458654,3
3,1,5,0
3,4,2,1
3,10,5,2
3,3,9,3
4,1,1,0
4,8,2,1
4,9,7,2
4,5,9,3
4,5,5,3
5,3,1,0
5,8,1,1
5,6,10,2
5,4,8,3
5,1,3,3