user_id,loc_lat,loc_lon
1,55.737564,37.345186
2,56.234564,37.234590
3,55.234578,36.295745
4,10,10
5,1,2
6,6,8
7,8,5
8,9,5
9,6,5
10,4,5
11,6,2
12,3,7
13,2,3
14,3,2
15,7,7.99
16,7,8
17,7,8.01
180,9,6.99
18,9,7
181,9,7.01