user_id,loc_lat,loc_lon
1,55.737564,37.345186
2,56.234564,37.234590
3,55.234578,36.295745
4,1,1
5,0,6
6,3,6.49
7,3,6.6
8,5,6.9
9,6,1